 247,  490,  529,  153,  184,  772, 1596,  229,  501,  675,  582, 2332, 1851,  716, 1687, 1077, 1461,  891, 1129, 1351, 1281,  483,  839,  537,  767, 1459, 2351, 1044,  202,  141,  551,  737
 103,  120,  211,  424,  779,  851,  151, 1095, 1123, 1676, 1595,  497, 1424, 3240, 1795, 2172,  443, 1833, 1662, 2944,  676,  211,  818, 1726, 1890,  832, 1200, 1853,  685,  341,  216,  236
 306,  607,  875, 1827,  803,  697, 2629, 1427,  859,  879, 3506, 4404, 1205, 2536, 1267, 1896, 4099, 2751,  695,  471, 1566, 3524, 1531,  405,  632, 2845, 2190,  989,  522,  606, 1084, 1049
 619,  824,  486, 1270, 2417, 2776, 3820, 1865,  891, 2764, 2299,  835, 2935, 3960, 2274, 2117, 4221, 2199, 1722, 3452, 1405,  636, 2306, 1311, 1547, 2679, 2773, 1996, 1333,  269,  119, 1190
  92,  289, 1048, 1962, 1976, 2629, 2803, 1902,  396, 1377, 3099, 5126,  366, 3117,  598, 1286, 3708, 2260,  557,  969, 1377, 3374, 1374,  572, 1947, 4298, 2473, 3530, 1247, 1144, 1636, 1206
 324,  496,  439, 1010, 1186, 4013, 2479, 1316,  276, 1025, 1378, 1064, 1279, 1414,  932, 1012, 1018,  607,  593, 1893, 1342,  821,  717, 1643, 1755, 3284, 4538, 3405, 1861,  190,  246,  431
  74,   73,  301, 1192, 1085, 1238,  944,  423,  162, 1455, 1086,  493,  284, 1695,  382,  251,  980,  909, 2079, 1145,  279, 1925, 1077, 1974, 2364, 2054,  885,  409,  721,  999,  933, 1045
 421, 1563,  932,  763,  417, 1261, 2687,  752,  101,  185,  366, 1184,  489,  252,  207,  516, 1434, 1390,  294,  138, 1124, 2300, 1230,  639,  894, 2039, 1989, 1800,  497,  152, 1718,  536
 312,  169,  256,  517, 1578, 1916,  813,  601,  786,  788, 2356,  134,  869, 1895, 1015, 1459,  576,  852,  660, 1608, 1608,  786, 1604, 2448, 2561, 2629, 3095, 2784, 1056,  404, 2085,  103
 467,  441,  753, 1210,  699,  372, 2597,  950,  240,  513,  458, 1764,  516,  425,  260,  672, 1665,  573,  629,  402, 1490, 3394, 1140,  308, 1223, 2291, 2668,  687,  573, 1482, 1349, 1521
 206,  245,  134,  840, 1775, 1310,  571,  897,  310,  931, 1651,  206,  641,  862, 1587, 1980, 1079,  295,  480, 2608,  339,  548,  436, 1471, 1343, 2117, 2088, 1223, 2814,  260,  150,   68
 336,  513,  869,  565,  872, 1854, 1173,  365,   94,  872, 1586,  505,  540, 1101,  646, 1610,  699,  975,  374,  389,  640, 1783, 1624, 1127, 2804, 2753, 1586, 1176,  874,  511,  343,  192
 259,  636,  972,  895,  970,  541, 1600, 1854,  158,  394,  441, 1327,  868,  460,  294, 1018, 1887,  317,  285,  265, 1809, 2246,  580,  193,  702, 2989, 2356, 1179,  118,  342,  888,  942
 130,  154,  183,  680, 2221, 1812,   90,  420, 1263, 2781, 1746,  284,  376, 3297, 2227,  600,  188,  864, 3136, 2572,  247,  276, 1420, 3351, 4474, 1625, 1412, 2160, 1991, 1018,  341,  307
 508,  618,  923,  776,  323, 1272, 4112, 1742,  186,  429,  656, 4450, 1084,  359,  479, 2165, 3831,  897,  363,  493, 4002, 5784,  447,  438, 1018, 3930, 3997, 1533,  316,  403, 1158, 1332
  90,   60,  257, 1008, 1101, 2317,  352,  831,  985, 3539, 1835,  350, 1180, 3808, 2460,  528,  131, 1189, 4207, 2750,  476,  852, 1871, 4814, 4812, 1502,  709, 1307, 1710,  921,  645,  779
 663,  525,  404,  342,  383, 1106, 1380, 1184,  147,  169,  668, 1811, 1413,  199,  190, 1253, 2477,  962,  294,  281, 2325, 3723,  863,  534, 1243, 2240, 3441, 2062,  535,  191,  551,  445
  72,  250,  623, 1122,  954,  389, 1137, 1075,  210, 1236, 1473, 1143,  282, 1094, 1052,  553,  880,  910, 3294,  982,  979, 1372,  378, 1187, 1776, 1607,  328,  775, 1492, 1323,  846,  678
 700,  815,  251,  312, 1545, 1312,  279,  153,  531, 1361,  363,  416,  723, 1458, 1410,  555, 1360,  382, 3710, 1774,  689, 1266,  694, 1409, 1681, 1030, 2389, 2081,  920,  149,  175,  255
 109,  572, 1147,  895,  473,  916,  984,  803,  117,  309,  956, 1513,  439,  235,  380,  954, 1757,  745,  208,  313, 1627, 1896,  174,  139,  614, 1661, 1202,  473,  110,  490,  757,  722
 332,  118,  175,  672,  870,  507,  226,  343,  240, 1322,  375,  492,  446, 1650,  792,  137,  126,  373, 1601,  613,  113,  312,  273, 1113, 1047,  439,  864,  858,  615,  180,  136,  148
 368,  377,  432,  348,  356, 1110,  996,  274,  135,  149,  636,  688,  436,  657,  430, 1067, 1295,  160,  363,  639, 1389, 1231,  296,  580, 1012, 1814, 1917,  687,  157,  110,  249,  894
  57,  123,  365,  808,  966,  402,  552,  365,  648, 1643,  472,  580,  407, 1069,  793,  863,  826,  319, 1457,  577,  649,  971,  918, 1011, 1714,  757,  127,  518,  720,  451,  374,  314
 299,  293,  317,  285,  399,  777,  516,  506,  433,  416,  388,  929, 1123,  645,  559, 1097, 1317,  694,  670, 1074, 1700, 1375,  295,  592, 1177, 2477, 3366, 1215,  133,  152,  329,  294
  45,  111,  348,  590,  560,  607,  469,  204,  169,  899,  617,  639,  188,  570,  649,  655, 1018,  583, 1098,  338,  800, 1594,  655,  646,  541,  762,  268,   68,  503,  686,  557,  445
 727,  212,  122,  175,  471,  587,  266,  115,  373, 1437,  256,  687,  294,  744, 1574,  317,  341,  167,  834,  632,  491,  403,  108,  648,  634,  750, 1145,  771,  239,  110,   41,   27
 140,  281,  363,  438,  112,  246,  459,  243,  121,  141,  347,  941,  293,  134,  116,  424,  874,  182, 2350,  233,  802,  976,  328,  191,   88,  335,  351,  113,   42,   82,  140,  163
  71,   42,  128,  371,  334,   66,   42,   51,  197,  353,   40,  287,  168,  268,  177,   76,  266,  211,  880,  393,  109,  302,  136,  282,  209,  105,  161,  196,  125,   58,   59,   77
 105,  118,  127,   48,  112,  157,  141,   30,  237,  176,   89,  298,   80,  205,   65,  275,  381,   56,  268,  344,  299,  523,  205,  416,  355,  215, 3324,  172,  132,   27,   25,   89
  51,   45,   65,  137,   93,   99,  137,   34,   95,   57,  117, 2555,  118,  173,   38,  153,  154,  147,  234,  126,  255,  229,  121,  281,  109,  158,  107,   49,   23,   16,   41,   43
  46,   46,   62,  125,   65,   25,  100,   30,  181,  575,   28,  105,   37,  177,  119,   29,  442,  115,  449,  133,   95,  112,   43,  103,   63,   13,  124,   92,   40,   21,   21,   64
  75,   16,   31,   64,   48,   20,   28,   41, 2129,   56,   65,  137,   99,  100,   30,   47,  256,   25,  162,   69,  198,  284,   47,   93,   61,   29,  155,  381,   39,   16,   26,   57
